Order ID,Order Date,Customer ID,Product ID,Quantity Ordered,Discount (%),Campaign Discount (%),Total Sales Price,Shipping Cost
1,2023-02-20,493,8,1,40,5,44.27,4.23
2,2023-02-06,12,2,2,10,40,119.11,5.9
3,2023-10-24,227,3,1,55,10,52.59,7.69
4,2023-07-08,115,9,5,50,5,161.95,3.16
5,2023-07-12,359,13,3,60,40,78.34,4.11
6,2023-08-28,448,13,3,55,10,132.19,5.03
7,2023-03-29,477,7,2,30,5,115.39,6.46
8,2023-01-14,317,1,1,30,5,39.75,8.68
9,2023-02-24,91,14,4,50,5,193.82,6.84
10,2023-08-30,44,2,1,55,10,44.67,4.18
11,2023-08-20,171,9,5,10,40,184.11,4.7
12,2023-01-16,226,8,4,25,55,104.85,2.07
13,2023-02-02,90,9,4,35,60,70.92,9.79
14,2023-02-02,79,5,3,55,10,163.93,4.7
15,2023-10-24,237,5,3,40,30,170.0,6.43
16,2023-11-03,438,4,2,40,5,63.77,6.96
17,2023-07-17,346,7,5,35,60,112.79,8.74
18,2023-08-03,93,7,5,40,30,182.2,6.26
19,2023-03-29,152,12,5,30,5,334.46,4.25
20,2023-09-19,26,15,1,10,40,40.69,4.3
21,2023-04-26,272,11,2,30,5,149.12,6.38
22,2023-09-25,265,11,4,30,55,141.27,2.36
23,2023-12-12,214,1,4,40,5,136.3,8.47
24,2023-12-12,74,15,3,40,5,128.87,6.01
25,2023-07-14,326,6,3,40,30,161.27,7.87
26,2023-01-25,96,7,2,40,5,98.91,5.67
27,2023-03-24,276,10,5,55,10,176.46,2.77
28,2023-07-27,127,4,5,35,60,72.72,5.93
29,2023-10-22,28,13,5,60,40,130.56,4.99
30,2023-07-30,391,10,4,25,55,117.64,2.3
31,2023-09-11,64,1,1,50,5,28.4,6.31
32,2023-01-11,281,14,3,55,10,123.94,9.48
33,2023-09-08,17,4,2,35,60,29.09,4.34
34,2023-03-25,431,15,5,60,40,90.43,7.18
35,2023-04-08,436,5,2,55,10,109.29,3.08
36,2023-08-16,51,13,2,10,40,117.5,9.94
37,2023-04-12,126,2,3,35,60,86.03,8.31
38,2023-05-15,328,11,2,25,55,75.68,7.53
39,2023-06-23,125,13,3,40,5,186.05,6.0
40,2023-05-08,389,8,5,30,55,122.33,3.98
41,2023-07-22,429,4,3,40,5,95.66,9.53
42,2023-10-05,124,14,1,10,40,55.09,6.79
43,2023-06-05,193,5,4,55,10,218.57,8.64
44,2023-11-14,220,13,1,40,5,62.02,7.04
45,2023-08-12,327,2,5,30,5,366.71,8.92
46,2023-11-23,213,6,2,30,5,170.23,7.13
47,2023-08-22,287,11,3,10,40,181.63,7.98
48,2023-10-20,436,5,3,55,10,163.93,5.01
49,2023-09-10,132,1,3,30,5,119.26,5.04
50,2023-09-25,73,9,4,10,40,147.29,3.86
51,2023-06-02,330,4,1,35,60,14.54,6.11
52,2023-12-17,87,13,1,55,10,44.06,9.24
53,2023-06-30,240,4,5,25,55,94.4,4.53
54,2023-06-12,109,3,3,40,5,222.06,9.59
55,2023-06-26,262,6,1,50,5,60.8,7.65
56,2023-05-30,56,7,1,35,60,22.56,4.85
57,2023-07-07,422,4,4,10,40,120.83,5.89
58,2023-09-21,195,2,3,30,55,104.22,2.05
59,2023-06-09,259,14,5,30,5,339.18,5.89
60,2023-01-24,176,8,1,25,55,26.21,6.91
61,2023-05-26,388,1,2,40,30,50.22,2.78
62,2023-10-21,242,5,4,25,55,182.14,9.11
63,2023-02-11,379,9,3,55,10,82.85,2.42
64,2023-07-09,477,13,1,25,55,36.72,9.48
65,2023-12-29,488,3,2,50,5,123.37,8.75
66,2023-05-20,244,3,1,35,60,33.76,2.66
67,2023-07-17,108,7,3,60,40,62.47,3.15
68,2023-03-22,22,15,5,60,40,90.43,8.82
69,2023-03-18,84,12,1,30,5,66.89,9.28
70,2023-12-12,6,1,1,35,60,15.54,4.13
71,2023-03-13,451,8,5,50,5,184.47,3.78
72,2023-09-06,101,2,4,30,5,293.37,2.86
73,2023-04-29,108,13,5,25,55,183.6,5.84
74,2023-11-07,205,14,3,30,5,203.51,2.73
75,2023-03-21,494,13,3,30,55,102.82,4.78
76,2023-10-04,131,5,4,40,5,307.62,7.03
77,2023-02-03,19,1,1,30,55,18.83,3.43
78,2023-11-20,314,14,4,50,5,193.82,8.95
79,2023-02-06,178,9,5,50,5,161.95,3.97
80,2023-07-11,172,7,1,30,55,27.33,8.6
81,2023-07-16,118,11,3,40,30,141.27,2.19
82,2023-09-25,325,7,3,40,30,109.32,4.91
83,2023-12-06,98,4,4,55,10,90.62,3.93
84,2023-04-25,135,4,1,35,60,14.54,5.2
85,2023-01-24,251,10,2,30,5,115.9,7.48
86,2023-12-07,93,3,1,40,30,54.54,4.58
87,2023-08-05,334,1,3,35,60,46.63,5.65
88,2023-12-10,425,14,4,10,40,220.34,9.34
89,2023-11-23,337,3,2,55,10,105.19,3.48
90,2023-10-29,7,10,1,50,5,41.39,4.03
91,2023-11-22,164,15,3,40,5,128.87,9.47
92,2023-12-02,141,8,1,40,30,32.62,6.62
93,2023-03-25,233,14,3,40,30,128.53,8.59
94,2023-08-20,464,10,2,35,60,45.31,3.01
95,2023-01-03,410,6,4,50,5,243.18,5.94
96,2023-03-20,156,2,4,50,5,209.55,8.82
97,2023-03-06,396,7,2,30,5,115.39,4.1
98,2023-02-02,467,5,1,55,10,54.64,6.31
99,2023-08-09,43,4,2,55,10,45.31,3.61
100,2023-08-13,170,10,1,30,55,27.45,6.92
101,2023-04-16,345,7,3,40,5,148.36,5.22
102,2023-08-17,31,13,2,40,30,91.39,6.33
103,2023-01-11,453,13,2,25,55,73.44,9.51
104,2023-11-24,120,7,5,40,30,182.2,4.81
105,2023-07-11,59,7,1,60,40,20.82,5.42
106,2023-03-17,44,11,1,55,10,45.41,5.08
107,2023-12-27,133,3,5,10,40,350.62,8.19
108,2023-03-01,85,13,5,30,5,361.76,3.79
109,2023-09-07,76,8,1,10,40,41.94,7.45
110,2023-06-16,145,5,1,30,5,89.72,8.34
111,2023-09-20,92,15,2,55,10,61.04,8.15
112,2023-03-04,165,9,2,35,60,35.46,2.82
113,2023-08-09,99,5,4,40,30,226.67,2.35
114,2023-04-30,96,8,3,60,40,55.92,2.86
115,2023-05-06,253,12,2,40,30,84.5,8.27
116,2023-01-24,259,15,1,60,40,18.09,8.15
117,2023-09-14,133,8,5,55,10,157.28,2.56
118,2023-12-19,21,11,4,35,60,116.6,8.75
119,2023-03-07,479,9,2,40,30,57.28,6.4
120,2023-03-23,205,15,2,30,5,100.23,8.73
121,2023-02-16,498,13,3,40,5,186.05,5.34
122,2023-04-25,408,4,3,40,5,95.66,7.24
123,2023-05-29,205,1,2,35,60,31.09,2.34
124,2023-05-19,184,13,5,40,5,310.08,5.72
125,2023-08-21,76,9,5,50,5,161.95,3.41
126,2023-09-18,199,8,3,60,40,55.92,5.79
127,2023-07-25,109,10,1,30,5,57.95,7.89
128,2023-04-07,160,5,3,60,40,97.14,6.48
129,2023-08-01,209,8,2,25,55,52.43,8.92
130,2023-04-10,331,13,1,55,10,44.06,8.27
131,2023-12-29,177,3,3,40,30,163.62,6.5
132,2023-08-08,345,12,4,35,60,104.61,3.73
133,2023-11-17,367,3,5,30,55,204.53,7.8
134,2023-03-19,403,10,5,50,5,206.96,2.23
135,2023-03-31,401,5,1,35,60,35.08,8.34
136,2023-02-07,99,3,2,60,40,62.33,3.7
137,2023-11-10,384,15,3,55,10,91.56,8.21
138,2023-09-16,327,6,2,10,40,138.23,4.17
139,2023-06-17,198,5,2,30,5,179.44,8.62
140,2023-01-12,200,9,1,40,5,38.87,2.33
141,2023-09-18,162,10,1,55,10,35.29,8.99
142,2023-01-21,58,13,5,60,40,130.56,9.24
143,2023-05-23,37,14,4,35,60,106.09,6.35
144,2023-04-07,126,4,1,50,5,26.57,6.41
145,2023-04-13,475,9,3,40,30,85.92,5.74
146,2023-08-25,390,4,1,30,5,37.2,6.78
147,2023-05-31,154,10,3,30,5,173.84,5.88
148,2023-02-15,475,12,2,50,5,95.56,8.09
149,2023-10-27,471,7,5,55,10,175.69,9.17
150,2023-06-09,334,10,3,55,10,105.88,4.01
151,2023-05-09,457,8,4,25,55,104.85,5.11
152,2023-08-07,148,14,3,55,10,123.94,8.39
153,2023-12-03,143,7,4,25,55,117.13,7.61
154,2023-02-14,337,11,2,30,55,70.64,3.96
155,2023-01-05,125,13,3,50,5,155.04,9.06
156,2023-05-05,219,14,2,50,5,96.91,6.84
157,2023-02-16,59,4,4,55,10,90.62,7.99
158,2023-05-21,390,4,3,55,10,67.97,5.92
159,2023-12-27,268,7,2,55,10,70.28,6.09
160,2023-06-17,77,8,2,50,5,73.79,5.87
161,2023-12-31,274,12,3,60,40,72.42,5.12
162,2023-01-05,229,1,2,40,5,68.15,4.17
163,2023-03-09,417,14,4,30,55,128.53,8.41
164,2023-09-09,197,1,2,50,5,56.79,2.37
165,2023-06-20,449,9,5,55,10,138.08,4.98
166,2023-01-30,2,1,2,50,5,56.79,5.82
167,2023-12-24,26,7,3,40,30,109.32,6.99
168,2023-01-27,189,5,5,50,5,320.43,5.13
169,2023-11-06,405,8,2,25,55,52.43,5.14
170,2023-11-26,275,2,2,60,40,52.94,8.91
171,2023-11-30,293,1,2,30,5,79.51,7.51
172,2023-03-08,114,5,5,30,5,448.61,8.0
173,2023-07-18,278,14,2,50,5,96.91,4.21
174,2023-07-31,459,9,1,40,5,38.87,3.16
175,2023-03-10,402,2,2,55,10,89.33,8.15
176,2023-10-29,240,12,5,40,5,286.68,6.51
177,2023-01-30,362,14,5,30,5,339.18,8.48
178,2023-03-16,57,12,2,40,5,114.67,3.85
179,2023-04-26,146,4,1,60,40,13.43,5.3
180,2023-03-22,32,7,1,10,40,46.85,3.11
181,2023-10-16,206,13,4,35,60,113.15,7.89
182,2023-04-29,238,5,2,60,40,64.76,7.53
183,2023-04-25,353,5,4,40,5,307.62,9.04
184,2023-05-20,347,10,3,10,40,141.17,6.63
185,2023-01-29,364,2,3,55,10,134.0,4.14
186,2023-02-25,50,10,5,60,40,104.57,5.33
187,2023-12-16,18,7,4,50,5,164.84,2.06
188,2023-03-24,284,1,5,35,60,77.71,8.83
189,2023-11-19,57,15,2,55,10,61.04,7.42
190,2023-06-08,483,13,2,40,5,124.03,5.48
191,2023-09-08,216,5,5,55,10,273.21,3.43
192,2023-12-26,286,4,2,55,10,45.31,5.99
193,2023-09-08,468,15,4,30,55,94.95,9.39
194,2023-12-03,237,6,3,35,60,99.83,7.63
195,2023-08-24,222,14,1,30,5,67.84,7.65
196,2023-04-23,349,8,4,50,5,147.57,5.72
197,2023-11-27,442,14,2,30,55,64.27,5.2
198,2023-05-12,95,5,3,55,10,163.93,8.36
199,2023-05-29,29,12,4,60,40,96.57,4.33
200,2023-08-18,239,13,1,55,10,44.06,9.53
201,2023-03-11,469,5,1,40,30,56.67,8.55
202,2023-12-01,122,5,4,10,40,291.43,2.26
203,2023-01-27,103,14,4,40,30,171.38,7.06
204,2023-06-22,347,14,2,50,5,96.91,4.82
205,2023-02-02,141,7,2,35,60,45.12,3.56
206,2023-06-04,249,11,5,10,40,302.72,2.56
207,2023-07-24,235,7,5,25,55,146.41,7.52
208,2023-07-07,99,4,1,55,10,22.66,3.29
209,2023-11-27,304,12,5,30,5,334.46,2.42
210,2023-05-23,190,7,3,55,10,105.41,5.57
211,2023-05-02,45,8,4,30,55,97.86,7.95
212,2023-07-02,323,15,5,25,55,127.17,9.28
213,2023-03-01,140,10,2,55,10,70.58,9.93
214,2023-09-27,449,10,3,35,60,67.97,2.76
215,2023-06-03,311,2,4,30,55,138.97,9.92
216,2023-02-23,387,5,2,55,10,109.29,7.19
217,2023-01-22,419,3,1,60,40,31.17,9.44
218,2023-11-18,173,6,4,30,5,340.45,4.83
219,2023-05-09,364,3,5,30,55,204.53,6.15
220,2023-03-20,465,14,1,30,5,67.84,6.31
221,2023-08-25,291,13,2,55,10,88.13,3.84
222,2023-06-19,306,11,4,50,5,213.03,6.24
223,2023-12-06,103,7,2,55,10,70.28,7.37
224,2023-01-10,418,10,2,35,60,45.31,8.43
225,2023-02-02,237,12,3,60,40,72.42,3.39
226,2023-03-23,308,9,1,55,10,27.62,4.9
227,2023-05-31,40,3,4,60,40,124.67,3.15
228,2023-06-28,77,1,2,30,5,79.51,8.57
229,2023-08-05,90,9,5,50,5,161.95,9.77
230,2023-04-17,21,2,3,60,40,79.41,8.44
231,2023-08-23,293,10,5,55,10,176.46,7.93
232,2023-08-02,266,12,4,50,5,191.12,3.19
233,2023-06-08,188,1,5,30,55,94.15,8.02
234,2023-07-20,8,11,3,25,55,113.52,4.46
235,2023-10-26,28,1,3,60,40,43.04,4.9
236,2023-06-14,469,7,5,60,40,104.11,4.53
237,2023-01-09,113,9,5,40,5,194.34,2.33
238,2023-07-07,97,5,1,30,5,89.72,8.28
239,2023-05-04,351,6,3,55,10,155.51,6.61
240,2023-03-06,335,6,2,25,55,86.39,8.57
241,2023-06-02,376,12,2,55,10,81.48,8.18
242,2023-04-08,91,11,3,30,5,223.68,9.66
243,2023-09-07,134,12,4,50,5,191.12,8.16
244,2023-05-18,108,4,2,35,60,29.09,4.64
245,2023-12-09,400,1,2,30,5,79.51,3.34
246,2023-09-03,69,6,3,10,40,207.34,9.78
247,2023-09-24,175,3,3,10,40,210.37,5.34
248,2023-07-10,461,14,2,50,5,96.91,9.28
249,2023-03-14,267,14,4,10,40,220.34,8.7
250,2023-01-08,367,7,4,50,5,164.84,9.93
251,2023-07-11,237,13,5,10,40,293.76,4.91
252,2023-03-11,407,4,2,40,30,46.99,9.05
253,2023-09-04,329,14,5,25,55,172.14,4.25
254,2023-10-22,235,5,4,30,55,170.0,9.24
255,2023-06-22,63,14,4,40,30,171.38,9.7
256,2023-01-30,149,15,1,10,40,40.69,8.94
257,2023-08-11,484,7,5,40,5,247.27,6.76
258,2023-04-04,368,13,2,60,40,52.22,7.02
259,2023-08-05,472,10,2,30,5,115.9,4.49
260,2023-11-22,121,10,2,40,5,99.34,7.86
261,2023-11-12,441,10,1,30,5,57.95,8.68
262,2023-08-06,494,11,1,50,5,53.26,7.09
263,2023-07-24,399,4,5,30,5,186.0,5.25
264,2023-11-17,175,5,1,25,55,45.54,9.48
265,2023-11-28,271,10,4,40,5,198.68,4.81
266,2023-02-15,293,11,3,50,5,159.77,6.86
267,2023-07-30,428,1,3,50,5,85.19,9.86
268,2023-11-20,329,10,4,30,55,109.8,9.56
269,2023-07-14,119,13,4,60,40,104.45,9.36
270,2023-01-31,464,13,5,30,55,171.36,5.18
271,2023-01-08,322,15,5,60,40,90.43,3.88
272,2023-11-01,192,11,5,50,5,266.29,6.85
273,2023-07-27,421,6,5,30,55,201.58,4.23
274,2023-09-21,326,14,1,40,30,42.84,7.14
275,2023-02-09,497,11,1,25,55,37.84,9.69
276,2023-02-18,446,3,5,50,5,308.42,8.73
277,2023-04-28,490,15,4,50,5,143.18,6.39
278,2023-01-01,252,6,4,35,60,133.11,5.85
279,2023-03-09,430,3,3,40,30,163.62,2.71
280,2023-03-23,158,13,1,55,10,44.06,3.25
281,2023-02-21,239,9,3,40,5,116.6,9.75
282,2023-02-05,291,1,2,55,10,48.42,9.3
283,2023-02-06,121,10,4,30,55,109.8,2.99
284,2023-11-30,32,13,1,50,5,51.68,9.93
285,2023-11-03,395,3,1,40,5,74.02,9.84
286,2023-06-30,420,8,5,40,5,221.36,3.43
287,2023-01-17,68,3,3,55,10,157.78,9.4
288,2023-10-31,93,5,2,50,5,128.17,6.98
289,2023-06-21,219,8,5,40,5,221.36,9.85
290,2023-01-13,166,6,2,10,40,138.23,8.43
291,2023-04-02,292,10,5,55,10,176.46,7.06
292,2023-09-25,260,6,2,55,10,103.67,9.14
293,2023-07-20,198,4,5,30,55,88.11,9.48
294,2023-06-08,322,1,2,40,30,50.22,8.95
295,2023-12-24,54,12,2,60,40,48.28,2.96
296,2023-07-29,270,7,1,55,10,35.14,9.87
297,2023-04-21,316,12,3,60,40,72.42,2.18
298,2023-08-16,344,1,4,25,55,80.7,4.95
299,2023-09-11,371,5,3,30,55,127.5,7.58
300,2023-08-27,418,13,4,35,60,113.15,2.99
301,2023-05-25,488,8,1,55,10,31.46,3.86
302,2023-12-09,381,4,1,60,40,13.43,6.03
303,2023-12-09,71,7,2,55,10,70.28,9.42
304,2023-06-01,295,11,5,30,55,176.59,7.12
305,2023-08-31,325,6,2,50,5,121.59,7.87
306,2023-06-03,495,9,5,30,55,107.4,2.7
307,2023-10-01,254,3,3,60,40,93.5,6.43
308,2023-06-15,222,11,1,40,5,63.91,6.44
309,2023-07-16,94,10,1,40,5,49.67,2.84
310,2023-08-25,64,10,3,40,30,109.8,3.86
311,2023-05-27,400,14,5,60,40,122.41,6.16
312,2023-06-22,298,5,1,40,5,76.9,9.16
313,2023-04-28,130,14,1,10,40,55.09,8.71
314,2023-11-11,375,8,2,10,40,83.88,2.78
315,2023-03-24,447,13,1,60,40,26.11,6.15
316,2023-05-01,304,10,1,55,10,35.29,6.05
317,2023-11-27,167,15,1,35,60,19.59,5.7
318,2023-09-01,96,1,2,60,40,28.69,7.09
319,2023-02-05,228,9,3,30,5,136.04,3.9
320,2023-05-18,366,5,1,60,40,32.38,8.59
321,2023-12-08,288,6,3,55,10,155.51,2.44
322,2023-03-11,417,3,3,50,5,185.05,4.79
323,2023-06-05,100,13,1,40,5,62.02,8.76
324,2023-01-18,275,6,1,50,5,60.8,2.23
325,2023-07-15,406,8,3,30,55,73.4,5.52
326,2023-10-03,269,1,2,40,5,68.15,2.81
327,2023-08-27,38,11,5,40,30,235.45,7.12
328,2023-08-28,417,7,2,50,5,82.42,7.78
329,2023-05-03,141,6,5,25,55,215.98,6.33
330,2023-05-28,75,14,5,60,40,122.41,3.74
331,2023-10-23,267,11,5,30,5,372.8,7.02
332,2023-04-04,478,7,3,40,30,109.32,5.59
333,2023-01-09,47,9,5,60,40,81.83,2.04
334,2023-03-23,219,9,1,50,5,32.39,2.05
335,2023-11-09,61,4,1,25,55,18.88,4.44
336,2023-04-14,321,1,4,30,55,75.32,4.3
337,2023-07-17,338,9,1,35,60,17.73,6.72
338,2023-05-09,305,1,4,35,60,62.17,8.18
339,2023-08-29,10,3,1,35,60,33.76,6.1
340,2023-09-22,136,1,1,40,5,34.07,6.92
341,2023-10-18,319,1,4,25,55,80.7,5.11
342,2023-07-29,118,1,2,30,55,37.66,8.5
343,2023-02-11,203,4,1,40,5,31.89,7.54
344,2023-11-03,270,5,1,35,60,35.08,4.54
345,2023-06-27,96,1,4,55,10,96.84,7.63
346,2023-07-25,475,8,3,30,55,73.4,5.26
347,2023-11-30,373,10,5,25,55,147.05,7.95
348,2023-12-15,56,8,1,30,5,51.65,4.62
349,2023-09-18,238,5,1,30,55,42.5,3.49
350,2023-10-25,12,9,3,10,40,110.47,9.85
351,2023-06-08,50,14,3,25,55,103.29,5.9
352,2023-07-18,235,4,1,50,5,26.57,4.23
353,2023-12-25,370,12,4,25,55,135.8,2.28
354,2023-09-26,415,14,1,10,40,55.09,9.15
355,2023-10-17,66,10,2,30,5,115.9,4.04
356,2023-01-02,391,12,1,25,55,33.95,3.83
357,2023-11-23,90,11,1,40,30,47.09,6.56
358,2023-01-12,357,4,4,50,5,106.29,7.41
359,2023-10-24,460,4,3,40,30,70.48,4.64
360,2023-10-09,467,14,3,40,5,174.44,8.79
361,2023-10-05,414,4,4,40,5,127.54,4.55
362,2023-08-18,481,7,5,40,5,247.27,2.52
363,2023-12-21,449,7,5,30,5,288.48,9.33
364,2023-12-18,423,11,4,55,10,181.63,7.63
365,2023-09-07,135,14,2,50,5,96.91,3.01
366,2023-09-16,155,6,4,55,10,207.34,8.19
367,2023-09-03,193,6,1,35,60,33.28,4.18
368,2023-04-10,368,15,2,40,5,85.91,5.18
369,2023-10-21,419,14,3,30,55,96.4,5.78
370,2023-02-27,171,3,1,25,55,43.83,7.77
371,2023-10-24,61,10,1,30,55,27.45,2.26
372,2023-02-12,53,9,4,35,60,70.92,6.15
373,2023-06-23,49,10,2,40,30,73.2,3.77
374,2023-03-19,113,9,1,25,55,23.01,5.7
375,2023-07-08,47,13,1,25,55,36.72,4.27
376,2023-12-26,333,11,2,40,5,127.82,3.94
377,2023-01-05,252,5,2,10,40,145.71,6.65
378,2023-09-03,447,3,2,25,55,87.66,2.59
379,2023-12-06,267,10,1,40,30,36.6,2.98
380,2023-08-19,158,2,4,50,5,209.55,2.55
381,2023-04-30,49,12,2,40,5,114.67,8.31
382,2023-03-05,488,9,4,60,40,65.46,6.29
383,2023-07-13,426,4,4,55,10,90.62,2.32
384,2023-09-06,446,15,1,35,60,19.59,3.29
385,2023-06-16,399,12,1,30,55,31.69,7.48
386,2023-07-30,20,8,3,10,40,125.83,9.81
387,2023-01-13,251,12,4,30,5,267.57,5.64
388,2023-06-29,470,13,1,40,5,62.02,4.06
389,2023-02-09,304,14,1,50,5,48.45,5.04
390,2023-02-06,286,6,2,25,55,86.39,7.53
391,2023-07-24,236,7,2,40,5,98.91,5.16
392,2023-10-26,49,6,1,60,40,30.72,4.26
393,2023-11-03,66,13,1,50,5,51.68,6.04
394,2023-09-27,455,11,1,35,60,29.15,5.82
395,2023-06-06,69,1,3,30,5,119.26,9.55
396,2023-01-28,345,13,5,30,55,171.36,9.08
397,2023-01-30,348,10,4,35,60,90.63,4.48
398,2023-09-04,295,11,3,40,30,141.27,3.08
399,2023-03-28,195,3,1,10,40,70.12,4.73
400,2023-04-10,447,9,1,25,55,23.01,7.5
401,2023-09-20,29,14,2,35,60,53.05,8.4
402,2023-02-24,347,13,2,30,55,68.54,2.2
403,2023-12-20,425,6,3,40,5,218.86,6.12
404,2023-11-18,80,11,5,30,5,372.8,2.49
405,2023-05-18,357,5,3,30,5,269.17,8.46
406,2023-01-07,1,12,5,60,40,120.71,9.39
407,2023-10-07,229,1,2,60,40,28.69,4.04
408,2023-09-18,41,14,3,40,30,128.53,3.55
409,2023-09-05,359,15,2,25,55,50.87,5.76
410,2023-04-25,400,4,3,40,30,70.48,8.9
411,2023-03-18,205,3,3,50,5,185.05,9.21
412,2023-02-23,383,14,1,10,40,55.09,4.45
413,2023-10-28,111,4,5,55,10,113.28,8.05
414,2023-08-26,247,6,1,40,30,53.76,4.02
415,2023-04-01,154,5,5,60,40,161.9,4.21
416,2023-04-10,4,1,5,30,5,198.77,3.37
417,2023-10-08,2,14,4,40,5,232.58,6.05
418,2023-01-21,299,9,4,50,5,129.56,6.4
419,2023-10-09,183,15,2,40,30,63.3,2.51
420,2023-07-30,339,14,4,10,40,220.34,7.03
421,2023-07-08,66,6,1,30,55,40.32,6.16
422,2023-01-17,364,6,4,30,55,161.27,8.99
423,2023-06-20,308,2,1,25,55,37.22,8.24
424,2023-05-20,213,8,3,40,30,97.86,6.78
425,2023-12-27,136,2,1,40,30,46.32,4.38
426,2023-11-19,320,15,3,60,40,54.26,2.3
427,2023-01-22,186,11,5,25,55,189.2,6.85
428,2023-06-26,158,13,3,55,10,132.19,9.14
429,2023-02-03,112,3,2,40,30,109.08,2.13
430,2023-08-03,163,3,4,55,10,210.37,8.14
431,2023-12-25,227,10,4,60,40,83.65,9.43
432,2023-12-20,177,3,5,10,40,350.62,9.35
433,2023-12-11,491,3,3,25,55,131.48,3.43
434,2023-08-06,167,11,4,55,10,181.63,6.88
435,2023-04-26,381,14,4,40,30,171.38,2.98
436,2023-03-30,176,11,2,55,10,90.82,4.12
437,2023-09-12,336,9,2,35,60,35.46,7.01
438,2023-02-18,72,1,1,10,40,32.28,9.22
439,2023-03-24,61,7,1,30,5,57.7,3.45
440,2023-08-13,391,11,4,10,40,242.18,3.12
441,2023-12-14,174,8,5,50,5,184.47,9.09
442,2023-04-17,262,14,3,10,40,165.26,6.26
443,2023-10-09,466,14,2,30,5,135.67,8.35
444,2023-08-30,476,10,2,40,30,73.2,7.64
445,2023-01-30,81,14,1,55,10,41.31,3.65
446,2023-03-30,166,8,2,40,30,65.24,5.5
447,2023-01-31,50,11,3,35,60,87.45,8.85
448,2023-11-13,236,2,5,40,5,314.33,5.28
449,2023-08-30,213,9,1,25,55,23.01,4.05
450,2023-11-03,418,7,5,55,10,175.69,7.65
451,2023-11-17,280,10,2,40,5,99.34,4.55
452,2023-09-01,486,5,5,55,10,273.21,8.93
453,2023-07-01,150,13,4,30,55,137.09,3.82
454,2023-08-18,384,3,4,40,30,218.16,8.65
455,2023-05-27,262,4,3,50,5,79.71,9.79
456,2023-08-18,463,11,5,35,60,145.76,2.46
457,2023-06-12,153,15,5,55,10,152.6,8.21
458,2023-08-29,493,2,2,50,5,104.78,2.43
459,2023-07-29,383,1,3,40,30,75.32,9.56
460,2023-06-13,314,13,1,50,5,51.68,4.43
461,2023-05-25,85,7,4,35,60,90.23,8.49
462,2023-02-28,281,4,2,25,55,37.76,5.36
463,2023-12-23,311,14,2,40,5,116.29,5.34
464,2023-10-19,127,7,2,40,30,72.88,8.36
465,2023-03-25,31,5,2,55,10,109.29,6.53
466,2023-07-22,345,3,2,55,10,105.19,6.27
467,2023-08-17,353,6,2,40,5,145.91,6.97
468,2023-01-03,109,2,3,50,5,157.16,8.64
469,2023-10-19,186,6,3,30,55,120.95,7.01
470,2023-02-03,375,10,5,40,30,182.99,3.23
471,2023-08-02,343,8,2,35,60,40.39,5.15
472,2023-07-21,465,13,2,10,40,117.5,4.98
473,2023-02-12,115,9,3,60,40,49.1,9.49
474,2023-12-11,61,7,1,50,5,41.21,3.85
475,2023-12-12,99,13,4,30,55,137.09,7.79
476,2023-01-01,317,4,1,50,5,26.57,4.45
477,2023-07-19,355,4,5,50,5,132.86,7.24
478,2023-11-16,250,4,3,10,40,90.62,2.24
479,2023-09-18,322,4,5,30,55,88.11,4.66
480,2023-07-20,55,2,4,60,40,105.88,6.82
481,2023-02-25,459,13,4,30,5,289.41,7.09
482,2023-11-14,7,14,1,40,5,58.15,9.72
483,2023-07-07,31,8,5,30,5,258.25,5.35
484,2023-06-02,473,14,1,50,5,48.45,5.16
485,2023-07-11,478,6,1,30,55,40.32,2.38
486,2023-01-09,266,3,5,30,55,204.53,3.27
487,2023-06-18,465,2,5,25,55,186.11,6.43
488,2023-06-05,208,10,3,55,10,105.88,7.31
489,2023-08-11,159,14,2,10,40,110.17,2.85
490,2023-07-04,135,5,5,50,5,320.43,7.46
491,2023-02-05,261,14,4,40,5,232.58,7.13
492,2023-03-17,43,8,4,25,55,104.85,2.7
493,2023-02-27,379,10,5,60,40,104.57,5.34
494,2023-01-29,499,10,5,30,5,289.74,6.54
495,2023-07-21,188,5,5,30,55,212.5,4.17
496,2023-05-20,411,10,2,25,55,58.82,4.41
497,2023-09-24,373,13,3,40,30,137.09,4.35
498,2023-09-17,255,3,3,30,5,259.07,9.95
499,2023-01-03,206,8,4,55,10,125.83,6.79
500,2023-03-25,434,5,3,30,5,269.17,3.88
501,2023-06-24,247,11,2,30,55,70.64,5.31
502,2023-02-14,395,3,4,40,30,218.16,8.75
503,2023-12-21,160,2,2,35,60,57.35,6.49
504,2023-02-08,353,13,1,40,5,62.02,4.4
505,2023-09-18,133,13,3,60,40,78.34,9.78
506,2023-05-03,234,3,3,30,5,259.07,8.41
507,2023-04-21,231,15,5,30,5,250.57,3.03
508,2023-10-05,334,7,4,30,55,109.32,6.71
509,2023-11-02,494,3,1,30,55,40.91,2.71
510,2023-11-17,79,7,1,25,55,29.28,5.06
511,2023-07-28,324,12,2,50,5,95.56,9.22
512,2023-12-27,101,12,3,10,40,162.96,3.18
513,2023-07-02,98,1,1,35,60,15.54,5.93
514,2023-02-07,214,4,5,50,5,132.86,5.06
515,2023-06-19,288,15,2,50,5,71.59,5.74
516,2023-09-25,138,3,3,30,55,122.72,5.32
517,2023-07-06,276,4,5,40,30,117.47,3.79
518,2023-07-23,397,2,4,30,5,293.37,8.06
519,2023-11-02,278,10,1,25,55,29.41,4.95
520,2023-06-12,341,9,4,60,40,65.46,7.73
521,2023-09-22,368,3,2,40,30,109.08,4.89
522,2023-08-18,469,11,5,30,55,176.59,3.53
523,2023-10-07,334,9,4,10,40,147.29,3.1
524,2023-07-30,228,10,1,60,40,20.91,9.71
525,2023-12-09,427,15,3,10,40,122.08,3.08
526,2023-11-23,20,10,3,50,5,124.17,2.0
527,2023-02-05,455,9,5,50,5,161.95,7.89
528,2023-10-29,81,10,3,10,40,141.17,2.74
529,2023-11-30,418,15,2,30,5,100.23,3.87
530,2023-01-14,30,7,4,40,5,197.81,9.99
531,2023-10-15,193,11,4,30,55,141.27,4.7
532,2023-03-22,182,5,1,30,55,42.5,8.81
533,2023-03-01,12,3,5,40,30,272.71,5.94
534,2023-11-05,203,2,4,40,5,251.46,6.38
535,2023-11-21,324,9,2,25,55,46.03,4.36
536,2023-01-19,461,9,4,10,40,147.29,2.25
537,2023-06-01,333,6,2,40,5,145.91,7.92
538,2023-03-29,427,6,4,40,5,291.82,8.95
539,2023-12-10,162,10,5,35,60,113.28,2.5
540,2023-05-05,197,1,4,10,40,129.12,2.54
541,2023-04-05,286,14,2,50,5,96.91,3.87
542,2023-08-09,46,6,3,25,55,129.59,3.79
543,2023-08-31,313,10,3,40,30,109.8,6.01
544,2023-05-15,347,1,2,30,55,37.66,6.75
545,2023-01-28,156,14,4,50,5,193.82,2.84
546,2023-09-17,271,7,2,35,60,45.12,3.54
547,2023-11-16,390,15,5,35,60,97.97,5.26
548,2023-11-21,230,9,1,10,40,36.82,9.16
549,2023-06-08,158,2,3,40,30,138.97,3.9
550,2023-06-27,297,12,3,60,40,72.42,6.42
551,2023-10-30,144,10,3,30,55,82.35,4.71
552,2023-10-23,479,9,1,55,10,27.62,2.27
553,2023-08-03,371,5,3,30,55,127.5,6.27
554,2023-10-27,42,12,5,25,55,169.75,8.25
555,2023-11-24,215,5,1,30,55,42.5,8.0
556,2023-12-18,357,8,5,30,5,258.25,8.64
557,2023-12-19,55,14,5,30,5,339.18,5.61
558,2023-08-10,426,3,2,40,30,109.08,9.69
559,2023-02-23,470,10,4,10,40,188.22,8.45
560,2023-08-21,258,13,1,30,55,34.27,5.96
561,2023-07-09,255,7,3,55,10,105.41,9.2
562,2023-03-27,296,9,2,40,30,57.28,6.36
563,2023-10-28,410,4,2,55,10,45.31,3.31
564,2023-07-10,342,7,1,40,30,36.44,6.97
565,2023-04-28,177,9,5,10,40,184.11,8.1
566,2023-07-02,340,3,4,60,40,124.67,5.73
567,2023-12-07,5,5,2,50,5,128.17,6.4
568,2023-01-24,37,7,5,60,40,104.11,6.37
569,2023-03-15,45,7,2,55,10,70.28,5.54
570,2023-11-14,419,13,2,40,30,91.39,2.77
571,2023-09-06,261,1,3,40,30,75.32,5.49
572,2023-09-28,33,12,5,30,55,158.43,3.29
573,2023-05-15,416,12,2,10,40,108.64,9.67
574,2023-05-21,499,4,5,40,30,117.47,7.38
575,2023-10-21,378,3,3,40,30,163.62,6.59
576,2023-07-25,274,4,2,30,5,74.4,3.16
577,2023-01-31,381,3,1,25,55,43.83,4.71
578,2023-07-10,308,10,3,10,40,141.17,7.89
579,2023-02-24,320,2,3,30,5,220.03,6.35
580,2023-08-25,425,9,5,55,10,138.08,7.79
581,2023-11-03,361,8,4,60,40,74.56,5.76
582,2023-07-31,160,5,4,40,5,307.62,9.51
583,2023-03-11,170,15,4,55,10,122.08,8.98
584,2023-05-19,149,15,3,30,5,150.34,7.9
585,2023-06-10,451,7,1,25,55,29.28,3.65
586,2023-09-14,58,14,2,10,40,110.17,5.08
587,2023-11-08,237,6,5,55,10,259.18,5.01
588,2023-12-04,332,10,5,30,5,289.74,8.92
589,2023-01-30,18,8,3,30,5,154.95,8.59
590,2023-09-08,70,14,1,60,40,24.48,9.14
591,2023-01-22,63,8,4,55,10,125.83,3.38
592,2023-03-23,488,15,4,10,40,162.78,2.98
593,2023-09-21,69,13,2,30,5,144.7,9.46
594,2023-11-22,336,10,5,55,10,176.46,6.94
595,2023-12-16,99,13,5,55,10,220.32,4.11
596,2023-06-06,85,10,1,40,5,49.67,2.41
597,2023-03-16,108,3,4,55,10,210.37,9.18
598,2023-03-18,64,1,2,60,40,28.69,3.67
599,2023-10-02,403,14,5,40,30,214.22,6.38
600,2023-09-06,134,14,2,40,30,85.69,6.53
601,2023-10-01,194,8,3,25,55,78.64,5.54
602,2023-03-03,319,9,5,10,40,184.11,8.27
603,2023-12-03,44,10,4,60,40,83.65,4.63
604,2023-04-15,361,7,2,60,40,41.64,4.93
605,2023-09-24,138,12,4,50,5,191.12,9.83
606,2023-03-28,289,4,5,30,55,88.11,3.48
607,2023-03-20,482,2,1,30,5,73.34,2.68
608,2023-05-14,226,14,3,30,5,203.51,8.32
609,2023-07-18,173,12,2,10,40,108.64,6.74
610,2023-01-10,313,13,5,55,10,220.32,3.43
611,2023-12-01,270,12,2,30,55,63.37,5.8
612,2023-08-31,449,4,3,40,30,70.48,3.32
613,2023-03-02,212,6,3,35,60,99.83,4.71
614,2023-12-02,329,10,5,35,60,113.28,8.38
615,2023-11-18,370,5,4,35,60,140.32,4.15
616,2023-08-26,236,11,2,40,30,94.18,9.23
617,2023-10-22,251,5,3,60,40,97.14,4.76
618,2023-01-21,336,8,5,35,60,100.97,8.95
619,2023-07-10,93,4,5,30,5,186.0,8.65
620,2023-01-17,91,10,3,30,5,173.84,5.04
621,2023-10-13,261,10,3,25,55,88.23,7.63
622,2023-11-29,207,2,1,35,60,28.68,6.06
623,2023-04-21,233,13,5,35,60,141.44,5.16
624,2023-08-28,192,12,4,50,5,191.12,5.11
625,2023-11-05,222,13,5,35,60,141.44,9.57
626,2023-05-23,460,13,4,25,55,146.88,8.01
627,2023-03-10,279,6,5,35,60,166.39,3.17
628,2023-12-16,148,9,5,60,40,81.83,6.26
629,2023-12-31,190,3,3,10,40,210.37,2.37
630,2023-12-18,369,11,5,30,5,372.8,7.43
631,2023-12-19,30,6,1,50,5,60.8,8.13
632,2023-02-09,62,8,5,30,55,122.33,2.7
633,2023-10-09,495,6,3,60,40,92.15,4.15
634,2023-05-02,416,9,4,50,5,129.56,2.84
635,2023-12-16,476,5,2,10,40,145.71,8.44
636,2023-10-21,87,3,2,10,40,140.25,9.74
637,2023-04-18,444,1,4,30,55,75.32,4.7
638,2023-08-21,211,3,2,25,55,87.66,8.59
639,2023-12-18,384,2,3,25,55,111.67,2.61
640,2023-05-01,148,7,4,10,40,187.4,3.76
641,2023-02-04,37,4,1,30,5,37.2,5.65
642,2023-12-09,264,2,3,25,55,111.67,6.61
643,2023-10-08,430,1,4,40,5,136.3,4.83
644,2023-02-25,319,13,3,40,5,186.05,8.04
645,2023-08-07,5,15,5,40,5,214.78,6.82
646,2023-02-26,174,2,5,60,40,132.35,8.31
647,2023-04-17,176,3,3,55,10,157.78,2.69
648,2023-10-23,318,13,2,10,40,117.5,6.89
649,2023-04-15,253,11,2,30,55,70.64,8.02
650,2023-08-11,107,3,5,40,30,272.71,4.78
651,2023-03-27,402,3,3,30,55,122.72,9.87
652,2023-06-25,65,6,1,25,55,43.2,4.43
653,2023-05-30,5,2,3,30,5,220.03,5.09
654,2023-11-21,188,12,5,40,30,211.24,8.75
655,2023-01-13,248,12,2,10,40,108.64,8.85
656,2023-08-02,259,15,4,40,30,126.6,5.94
657,2023-01-13,185,8,2,50,5,73.79,6.04
658,2023-08-18,407,4,4,25,55,75.52,4.68
659,2023-12-22,445,2,4,55,10,178.67,9.89
660,2023-09-09,233,12,4,55,10,162.96,3.81
661,2023-07-08,119,7,1,50,5,41.21,3.7
662,2023-09-27,194,5,5,40,30,283.33,4.83
663,2023-07-04,387,8,4,60,40,74.56,8.12
664,2023-07-18,109,15,2,55,10,61.04,6.89
665,2023-08-27,64,5,2,30,55,85.0,6.56
666,2023-09-12,404,1,4,40,5,136.3,9.63
667,2023-12-25,84,7,2,40,30,72.88,4.92
668,2023-02-25,117,7,5,30,55,136.65,8.84
669,2023-05-30,302,8,3,50,5,110.68,6.64
670,2023-02-15,452,10,5,50,5,206.96,6.23
671,2023-05-28,334,11,1,40,5,63.91,6.95
672,2023-03-12,336,10,3,35,60,67.97,7.31
673,2023-03-24,298,2,2,25,55,74.45,3.74
674,2023-12-16,38,1,4,10,40,129.12,7.14
675,2023-11-24,207,7,4,50,5,164.84,9.85
676,2023-05-12,473,6,5,55,10,259.18,6.49
677,2023-11-06,449,11,5,30,5,372.8,6.61
678,2023-11-17,65,15,2,40,30,63.3,8.84
679,2023-11-16,82,12,1,30,55,31.69,9.73
680,2023-04-16,350,5,4,40,5,307.62,7.14
681,2023-05-09,217,3,4,55,10,210.37,3.27
682,2023-02-23,160,13,4,30,5,289.41,2.23
683,2023-04-02,499,7,3,30,55,81.99,3.24
684,2023-05-13,94,12,5,50,5,238.9,3.29
685,2023-02-16,98,13,1,10,40,58.75,2.62
686,2023-09-28,154,8,3,30,55,73.4,7.42
687,2023-06-28,335,12,2,30,55,63.37,2.98
688,2023-07-28,255,14,2,50,5,96.91,5.39
689,2023-04-13,384,7,4,10,40,187.4,9.55
690,2023-11-26,335,3,5,40,30,272.71,6.02
691,2023-08-04,343,6,1,35,60,33.28,2.92
692,2023-01-06,414,7,5,25,55,146.41,2.05
693,2023-11-02,3,4,1,55,10,22.66,5.02
694,2023-12-27,260,7,4,40,30,145.76,4.89
695,2023-01-23,65,15,5,60,40,90.43,2.27
696,2023-04-03,217,12,5,35,60,130.77,5.95
697,2023-12-01,110,6,5,60,40,153.59,9.8
698,2023-10-01,14,2,3,30,5,220.03,3.75
699,2023-07-25,451,13,4,50,5,206.72,8.63
700,2023-03-12,109,7,4,50,5,164.84,6.08
701,2023-01-16,381,11,5,55,10,227.04,6.33
702,2023-11-09,111,2,2,55,10,89.33,3.41
703,2023-08-05,308,2,5,25,55,186.11,4.64
704,2023-11-28,307,4,5,40,30,117.47,5.91
705,2023-07-02,450,15,4,40,30,126.6,3.41
706,2023-01-04,46,4,4,55,10,90.62,5.66
707,2023-02-19,290,13,3,40,30,137.09,3.14
708,2023-04-07,263,11,2,50,5,106.51,6.31
709,2023-08-09,338,6,1,30,5,85.11,8.23
710,2023-10-27,491,2,4,50,5,209.55,8.6
711,2023-05-22,431,1,2,50,5,56.79,3.39
712,2023-01-29,66,14,1,30,5,67.84,8.72
713,2023-12-06,391,1,4,40,30,100.43,7.88
714,2023-07-22,442,6,3,40,5,218.86,2.96
715,2023-03-10,7,3,5,30,5,431.78,4.33
716,2023-04-19,329,3,4,30,55,163.62,8.81
717,2023-06-10,207,11,2,60,40,53.82,5.36
718,2023-05-12,307,9,1,35,60,17.73,6.55
719,2023-10-28,317,7,5,40,5,247.27,3.12
720,2023-11-01,69,14,5,40,30,214.22,9.61
721,2023-10-31,141,7,2,60,40,41.64,2.81
722,2023-10-23,74,8,5,25,55,131.07,5.17
723,2023-07-03,285,10,5,30,5,289.74,2.13
724,2023-12-16,426,13,5,35,60,141.44,4.3
725,2023-05-29,251,5,3,25,55,136.61,8.05
726,2023-04-13,400,15,1,50,5,35.8,5.95
727,2023-08-13,488,11,1,40,5,63.91,8.34
728,2023-04-02,23,9,2,30,5,90.69,6.55
729,2023-12-25,85,8,3,30,5,154.95,4.31
730,2023-09-05,306,3,3,40,30,163.62,5.25
731,2023-01-22,214,5,3,35,60,105.24,3.76
732,2023-04-09,226,14,3,10,40,165.26,5.77
733,2023-02-25,240,12,1,55,10,40.74,2.29
734,2023-08-10,66,12,5,50,5,238.9,5.57
735,2023-11-02,142,2,3,50,5,157.16,3.91
736,2023-11-10,42,11,1,40,30,47.09,7.25
737,2023-03-08,154,10,3,40,5,149.01,4.75
738,2023-03-03,9,6,1,40,5,72.95,4.23
739,2023-02-06,478,4,5,60,40,67.13,6.19
740,2023-08-27,255,3,3,25,55,131.48,9.21
741,2023-01-26,215,1,4,35,60,62.17,6.16
742,2023-11-29,167,1,1,40,30,25.11,2.84
743,2023-04-18,491,7,3,25,55,87.84,4.44
744,2023-07-07,284,13,1,40,30,45.7,8.05
745,2023-07-03,387,8,4,10,40,167.77,5.49
746,2023-03-18,497,11,4,25,55,151.36,3.71
747,2023-04-19,481,13,3,60,40,78.34,5.25
748,2023-03-29,58,13,4,25,55,146.88,9.13
749,2023-10-17,17,5,5,60,40,161.9,7.22
750,2023-09-24,237,11,1,60,40,26.91,4.93
751,2023-08-20,498,4,1,60,40,13.43,6.25
752,2023-12-24,123,8,2,10,40,83.88,5.7
753,2023-04-06,368,14,4,25,55,137.71,7.34
754,2023-12-28,10,10,4,40,5,198.68,7.41
755,2023-10-08,325,13,2,25,55,73.44,2.58
756,2023-02-15,435,14,3,30,55,96.4,5.03
757,2023-08-13,164,7,1,25,55,29.28,4.26
758,2023-05-13,433,14,2,50,5,96.91,9.49
759,2023-05-28,185,3,3,50,5,185.05,2.61
760,2023-08-14,93,12,5,40,30,211.24,4.16
761,2023-07-21,47,11,4,30,5,298.24,9.64
762,2023-08-05,440,15,2,30,55,47.48,7.1
763,2023-08-15,68,5,4,55,10,218.57,8.0
764,2023-09-10,119,5,2,10,40,145.71,9.07
765,2023-06-13,254,15,3,30,5,150.34,9.65
766,2023-12-15,107,2,5,40,5,314.33,7.54
767,2023-03-15,351,11,5,10,40,302.72,9.15
768,2023-05-01,264,12,5,60,40,120.71,9.07
769,2023-09-19,279,15,4,40,30,126.6,2.76
770,2023-11-22,301,1,2,10,40,64.56,3.94
771,2023-12-02,232,5,5,30,55,212.5,7.2
772,2023-04-30,199,8,4,30,55,97.86,8.23
773,2023-07-18,167,14,3,35,60,79.57,6.13
774,2023-02-11,126,9,4,55,10,110.47,3.72
775,2023-12-16,379,11,3,60,40,80.73,2.41
776,2023-05-08,464,3,3,40,5,222.06,8.91
777,2023-06-09,8,2,1,60,40,26.47,7.73
778,2023-07-01,488,14,5,55,10,206.57,6.37
779,2023-02-15,76,10,3,40,30,109.8,3.54
780,2023-02-26,86,13,5,35,60,141.44,2.94
781,2023-11-23,180,2,5,30,5,366.71,6.99
782,2023-09-29,161,12,1,40,5,57.34,2.32
783,2023-10-03,168,12,5,35,60,130.77,8.24
784,2023-09-24,2,6,4,60,40,122.87,9.78
785,2023-12-19,408,3,1,50,5,61.68,9.02
786,2023-03-12,201,2,1,30,55,34.74,7.22
787,2023-07-17,494,9,1,60,40,16.37,9.06
788,2023-09-28,305,14,4,25,55,137.71,6.45
789,2023-09-25,69,2,5,40,5,314.33,7.75
790,2023-10-29,223,9,2,35,60,35.46,9.79
791,2023-07-30,37,2,1,55,10,44.67,8.26
792,2023-04-07,369,3,3,25,55,131.48,8.33
793,2023-06-25,66,9,3,40,5,116.6,6.22
794,2023-02-05,333,12,2,60,40,48.28,9.45
795,2023-12-07,177,13,4,40,5,248.06,9.42
796,2023-10-30,2,2,2,10,40,119.11,8.87
797,2023-04-30,313,9,3,40,30,85.92,9.15
798,2023-11-28,49,15,5,50,5,178.98,3.21
799,2023-01-28,222,8,1,40,30,32.62,2.26
800,2023-11-30,123,15,2,30,55,47.48,9.06
801,2023-07-01,371,4,1,40,5,31.89,6.95
802,2023-11-10,312,13,1,40,5,62.02,2.46
803,2023-09-26,7,14,3,40,30,128.53,4.12
804,2023-09-06,65,5,1,25,55,45.54,3.35
805,2023-02-15,164,14,4,35,60,106.09,9.03
806,2023-03-01,139,3,4,30,55,163.62,8.5
807,2023-12-26,493,14,5,35,60,132.61,3.17
808,2023-02-16,65,1,4,40,5,136.3,8.41
809,2023-08-08,404,5,1,60,40,32.38,4.35
810,2023-12-08,395,10,2,60,40,41.83,3.21
811,2023-06-12,39,12,2,40,5,114.67,7.52
812,2023-02-23,39,7,5,55,10,175.69,9.7
813,2023-10-31,365,15,5,55,10,152.6,4.75
814,2023-07-17,21,13,3,50,5,155.04,4.16
815,2023-02-17,253,1,4,30,5,159.01,4.06
816,2023-03-27,366,2,4,60,40,105.88,4.76
817,2023-05-14,91,9,3,40,30,85.92,9.51
818,2023-07-03,251,3,4,25,55,175.31,6.61
819,2023-10-30,211,13,4,25,55,146.88,9.71
820,2023-12-10,361,5,3,10,40,218.57,9.02
821,2023-01-30,125,11,1,40,30,47.09,6.45
822,2023-04-24,101,15,4,35,60,78.37,6.69
823,2023-04-21,237,15,3,55,10,91.56,5.92
824,2023-06-13,191,3,4,30,5,345.43,7.06
825,2023-12-17,224,2,1,25,55,37.22,2.82
826,2023-04-21,37,11,2,25,55,75.68,7.4
827,2023-02-10,68,2,1,40,5,62.87,3.59
828,2023-05-03,62,10,3,10,40,141.17,4.66
829,2023-08-15,37,1,1,40,30,25.11,5.17
830,2023-07-12,181,10,4,10,40,188.22,8.3
831,2023-03-25,351,7,1,10,40,46.85,7.76
832,2023-09-29,183,1,5,35,60,77.71,9.85
833,2023-12-16,419,10,3,10,40,141.17,2.49
834,2023-05-25,116,8,2,30,5,103.3,3.91
835,2023-09-19,77,7,3,40,30,109.32,4.14
836,2023-04-16,43,14,1,30,5,67.84,8.52
837,2023-08-05,176,6,2,25,55,86.39,3.1
838,2023-01-10,311,13,4,50,5,206.72,6.69
839,2023-03-23,132,14,4,25,55,137.71,3.01
840,2023-03-23,61,2,4,40,30,185.29,2.93
841,2023-09-29,67,14,4,60,40,97.93,2.67
842,2023-02-16,110,3,5,40,30,272.71,2.43
843,2023-07-30,292,3,4,30,5,345.43,3.3
844,2023-11-01,71,9,1,30,55,21.48,5.14
845,2023-01-24,236,1,5,30,5,198.77,3.62
846,2023-08-09,290,6,2,25,55,86.39,7.68
847,2023-07-15,257,7,2,40,30,72.88,6.06
848,2023-12-06,69,3,3,55,10,157.78,7.75
849,2023-02-12,412,15,3,25,55,76.3,4.26
850,2023-03-08,252,13,3,10,40,176.26,7.89
851,2023-01-05,475,4,2,30,5,74.4,6.15
852,2023-02-01,293,5,2,50,5,128.17,2.97
853,2023-05-10,258,11,1,60,40,26.91,7.92
854,2023-08-24,294,6,5,25,55,215.98,4.63
855,2023-01-08,388,2,5,30,5,366.71,8.75
856,2023-03-11,452,11,5,50,5,266.29,8.52
857,2023-05-31,457,15,4,60,40,72.35,4.46
858,2023-12-15,293,11,3,40,30,141.27,8.86
859,2023-07-07,354,12,1,35,60,26.15,2.14
860,2023-12-04,125,14,5,55,10,206.57,7.26
861,2023-02-18,295,15,1,30,5,50.11,6.11
862,2023-10-16,17,14,3,55,10,123.94,7.76
863,2023-06-05,23,12,1,60,40,24.14,9.02
864,2023-04-22,418,14,4,50,5,193.82,7.2
865,2023-11-23,118,10,2,25,55,58.82,9.5
866,2023-06-11,398,8,2,50,5,73.79,6.37
867,2023-07-06,280,4,1,50,5,26.57,5.48
868,2023-11-19,289,15,4,10,40,162.78,3.47
869,2023-05-19,7,1,2,40,5,68.15,8.49
870,2023-10-03,98,11,1,40,5,63.91,3.56
871,2023-12-22,288,15,5,40,30,158.26,3.89
872,2023-07-03,40,14,1,50,5,48.45,7.82
873,2023-03-25,139,3,4,60,40,124.67,3.85
874,2023-07-13,282,7,3,50,5,123.63,9.2
875,2023-02-27,63,15,1,30,55,23.74,2.26
876,2023-07-13,246,4,5,35,60,72.72,4.96
877,2023-12-06,464,7,2,40,30,72.88,7.96
878,2023-10-20,145,6,5,10,40,345.57,8.98
879,2023-07-26,439,9,3,40,5,116.6,8.79
880,2023-04-28,17,6,1,30,55,40.32,9.61
881,2023-04-28,9,10,1,30,5,57.95,3.31
882,2023-02-08,333,6,3,30,55,120.95,5.19
883,2023-09-04,447,7,4,40,5,197.81,4.18
884,2023-06-27,464,10,4,60,40,83.65,4.78
885,2023-04-21,8,1,5,40,5,170.37,5.56
886,2023-03-14,443,2,1,55,10,44.67,6.04
887,2023-01-06,90,1,4,30,55,75.32,6.23
888,2023-05-27,381,8,3,30,5,154.95,8.0
889,2023-05-31,419,1,1,40,5,34.07,2.42
890,2023-03-02,361,10,3,50,5,124.17,3.28
891,2023-10-14,68,8,1,30,5,51.65,9.96
892,2023-10-26,138,14,3,35,60,79.57,6.4
893,2023-04-20,163,12,4,30,5,267.57,5.81
894,2023-04-03,95,11,2,30,5,149.12,2.01
895,2023-03-26,217,6,2,60,40,61.44,2.96
896,2023-01-26,86,4,2,30,5,74.4,9.29
897,2023-10-24,130,6,5,40,5,364.77,6.51
898,2023-06-17,287,12,2,10,40,108.64,7.27
899,2023-07-22,301,7,2,30,5,115.39,4.51
900,2023-06-01,113,13,1,60,40,26.11,8.48
901,2023-01-20,293,12,5,40,5,286.68,4.16
902,2023-09-15,246,9,4,40,30,114.56,3.16
903,2023-01-30,256,15,1,60,40,18.09,4.62
904,2023-08-06,83,2,5,40,5,314.33,5.04
905,2023-12-30,154,9,1,35,60,17.73,9.94
906,2023-09-20,301,11,1,35,60,29.15,4.28
907,2023-10-04,447,15,1,50,5,35.8,6.17
908,2023-09-22,231,8,2,40,30,65.24,3.67
909,2023-06-06,138,7,5,40,30,182.2,6.38
910,2023-07-16,93,14,2,35,60,53.05,5.63
911,2023-03-09,243,2,2,40,5,125.73,9.98
912,2023-03-04,105,6,1,55,10,51.84,7.88
913,2023-12-12,283,15,4,10,40,162.78,2.39
914,2023-06-06,184,11,4,10,40,242.18,8.32
915,2023-01-24,215,10,1,50,5,41.39,3.57
916,2023-08-07,320,13,5,25,55,183.6,5.9
917,2023-05-11,125,7,5,40,30,182.2,3.27
918,2023-02-11,25,1,1,30,5,39.75,4.84
919,2023-01-25,339,6,4,40,30,215.02,3.49
920,2023-11-30,175,3,5,30,55,204.53,9.38
921,2023-04-13,104,10,2,30,55,54.9,9.26
922,2023-02-12,361,11,1,60,40,26.91,4.38
923,2023-05-27,317,4,1,40,5,31.89,8.4
924,2023-12-29,244,5,4,30,5,358.89,3.22
925,2023-06-10,49,3,2,30,55,81.81,5.41
926,2023-11-02,344,12,1,10,40,54.32,8.12
927,2023-07-05,175,4,1,30,5,37.2,7.78
928,2023-08-20,274,7,3,40,30,109.32,9.49
929,2023-02-04,222,11,3,30,5,223.68,3.92
930,2023-03-28,259,4,1,10,40,30.21,4.45
931,2023-01-13,6,2,5,40,5,314.33,7.08
932,2023-08-30,478,12,1,60,40,24.14,6.21
933,2023-02-25,361,7,1,40,5,49.45,7.84
934,2023-01-24,286,10,1,10,40,47.06,3.63
935,2023-05-04,188,12,2,10,40,108.64,9.08
936,2023-05-05,190,15,4,10,40,162.78,8.78
937,2023-07-19,147,12,3,30,55,95.06,7.09
938,2023-08-24,391,6,3,30,5,255.34,9.7
939,2023-12-30,492,13,5,35,60,141.44,5.88
940,2023-02-02,273,6,4,40,30,215.02,9.46
941,2023-06-28,120,13,1,30,55,34.27,2.7
942,2023-02-14,379,6,2,30,5,170.23,3.71
943,2023-01-13,272,14,1,55,10,41.31,7.85
944,2023-06-04,328,14,1,30,5,67.84,8.67
945,2023-08-24,181,2,3,60,40,79.41,6.61
946,2023-09-25,130,13,4,10,40,235.01,4.42
947,2023-04-19,308,6,4,30,55,161.27,9.93
948,2023-05-10,328,14,3,30,5,203.51,9.5
949,2023-10-30,253,13,5,60,40,130.56,6.29
950,2023-05-27,287,9,2,60,40,32.73,9.02
951,2023-07-11,71,13,3,60,40,78.34,8.99
952,2023-07-16,160,15,1,40,5,42.96,2.85
953,2023-06-26,180,9,5,40,30,143.2,3.49
954,2023-01-23,333,12,1,30,5,66.89,8.83
955,2023-03-08,281,7,1,35,60,22.56,7.09
956,2023-01-19,329,14,1,40,5,58.15,3.55
957,2023-05-08,402,7,1,60,40,20.82,7.73
958,2023-11-04,365,13,4,10,40,235.01,6.69
959,2023-07-02,223,8,5,55,10,157.28,2.08
960,2023-08-30,125,3,2,35,60,67.53,4.74
961,2023-12-21,227,8,1,30,5,51.65,6.73
962,2023-04-23,66,8,1,55,10,31.46,2.12
963,2023-10-12,5,12,4,10,40,217.27,3.05
964,2023-04-28,384,3,2,50,5,123.37,5.23
965,2023-11-01,173,5,3,40,30,170.0,8.41
966,2023-04-22,362,11,3,10,40,181.63,7.22
967,2023-11-12,120,4,5,30,5,186.0,6.04
968,2023-01-30,448,8,2,60,40,37.28,9.17
969,2023-01-21,145,8,4,10,40,167.77,7.75
970,2023-11-03,323,8,1,40,5,44.27,8.21
971,2023-01-01,282,6,5,60,40,153.59,7.53
972,2023-02-22,324,12,2,50,5,95.56,8.2
973,2023-07-03,98,9,5,60,40,81.83,5.63
974,2023-10-21,237,10,5,10,40,235.28,4.24
975,2023-10-21,7,8,2,55,10,62.91,5.14
976,2023-01-16,87,7,2,40,30,72.88,7.29
977,2023-03-30,373,4,2,55,10,45.31,6.91
978,2023-08-19,323,3,3,50,5,185.05,4.46
979,2023-11-07,113,6,1,30,55,40.32,4.57
980,2023-07-05,69,7,5,55,10,175.69,2.55
981,2023-07-03,399,1,1,40,30,25.11,8.41
982,2023-03-18,343,8,5,30,55,122.33,7.74
983,2023-12-01,248,5,1,25,55,45.54,7.59
984,2023-08-16,236,6,2,35,60,66.55,2.64
985,2023-12-28,166,4,4,40,5,127.54,3.52
986,2023-05-02,1,1,3,10,40,96.84,2.08
987,2023-06-10,24,2,2,40,5,125.73,2.13
988,2023-02-12,121,9,2,10,40,73.65,8.41
989,2023-08-18,416,8,5,10,40,209.71,3.79
990,2023-04-02,381,8,2,60,40,37.28,6.29
991,2023-08-21,138,10,5,40,30,182.99,8.56
992,2023-02-25,369,7,4,60,40,83.29,8.3
993,2023-01-11,102,7,1,60,40,20.82,8.62
994,2023-11-29,155,2,1,10,40,59.56,8.31
995,2023-09-08,275,4,3,25,55,56.64,6.46
996,2023-07-12,40,15,3,55,10,91.56,8.79
997,2023-01-28,483,4,1,30,5,37.2,6.72
998,2023-04-25,185,12,2,35,60,52.31,2.81
999,2023-11-11,223,10,3,50,5,124.17,6.09
1000,2023-07-09,15,9,3,40,5,116.6,7.29
1001,2023-12-22,62,13,4,40,30,182.78,2.27
1002,2023-10-26,439,9,2,35,60,35.46,5.78
1003,2023-10-31,405,1,2,25,55,40.35,7.88
1004,2023-03-05,390,1,5,30,5,198.77,6.66
1005,2023-05-28,85,6,3,55,10,155.51,5.54
1006,2023-08-09,238,8,1,35,60,20.19,2.83
1007,2023-07-12,312,13,5,30,55,171.36,6.46
1008,2023-11-09,39,6,1,30,5,85.11,3.03
1009,2023-06-14,346,12,4,40,30,168.99,2.94
1010,2023-02-19,90,8,3,30,5,154.95,9.07
1011,2023-06-17,73,8,1,10,40,41.94,6.21
1012,2023-01-21,307,9,5,35,60,88.65,2.38
1013,2023-03-11,307,12,3,35,60,78.46,5.92
1014,2023-12-05,473,14,1,40,5,58.15,3.51
1015,2023-11-23,154,5,3,30,5,269.17,4.1
1016,2023-10-15,68,8,3,30,55,73.4,5.38
1017,2023-11-06,219,13,2,60,40,52.22,8.24
1018,2023-10-25,480,12,4,30,55,126.74,9.49
1019,2023-12-16,358,2,5,55,10,223.34,2.35
1020,2023-06-28,111,10,3,40,30,109.8,9.79
1021,2023-04-26,348,15,3,40,30,94.95,2.65
1022,2023-10-24,207,1,3,10,40,96.84,9.4
1023,2023-11-14,231,7,5,40,30,182.2,2.2
1024,2023-02-27,484,14,1,60,40,24.48,8.74
1025,2023-06-29,171,9,2,30,55,42.96,6.56
1026,2023-12-18,269,13,2,40,5,124.03,3.52
1027,2023-02-15,12,4,1,30,5,37.2,3.61
1028,2023-05-20,196,6,4,30,5,340.45,8.4
1029,2023-07-12,486,1,4,50,5,113.58,4.39
1030,2023-05-31,284,3,2,30,55,81.81,8.98
1031,2023-02-24,441,2,1,25,55,37.22,9.42
1032,2023-07-06,258,2,1,25,55,37.22,9.56
1033,2023-12-28,288,4,1,25,55,18.88,7.56
1034,2023-02-05,490,12,2,50,5,95.56,6.33
1035,2023-05-07,301,1,1,25,55,20.18,6.32
1036,2023-06-11,152,14,3,35,60,79.57,3.78
1037,2023-01-16,489,6,5,40,5,364.77,6.8
1038,2023-05-06,16,3,4,30,5,345.43,5.12
1039,2023-08-12,201,5,4,10,40,291.43,8.96
1040,2023-11-05,94,12,3,30,55,95.06,5.32
1041,2023-07-04,231,6,5,55,10,259.18,7.4
1042,2023-07-03,344,2,5,30,55,173.71,7.87
1043,2023-08-04,210,15,5,60,40,90.43,4.39
1044,2023-06-28,300,8,1,55,10,31.46,4.17
1045,2023-07-11,17,13,2,60,40,52.22,2.3
1046,2023-01-12,10,15,3,55,10,91.56,5.56
1047,2023-03-12,244,10,3,40,5,149.01,6.25
1048,2023-12-13,462,14,4,30,5,271.35,2.2
1049,2023-11-03,80,4,2,30,55,35.24,4.29
1050,2023-11-04,215,5,3,55,10,163.93,7.48
1051,2023-03-31,182,13,3,30,5,217.06,2.02
1052,2023-12-05,99,12,4,30,5,267.57,6.0
1053,2023-07-26,110,2,3,30,5,220.03,2.26
1054,2023-06-08,305,14,5,10,40,275.43,6.91
1055,2023-06-23,339,6,3,10,40,207.34,5.65
1056,2023-11-13,376,11,4,40,5,255.63,9.43
1057,2023-08-21,260,7,1,10,40,46.85,9.49
1058,2023-07-15,341,13,3,30,55,102.82,8.31
1059,2023-03-14,358,2,5,40,5,314.33,3.45
1060,2023-11-06,483,4,4,30,55,70.48,7.49
1061,2023-02-14,120,10,3,40,5,149.01,7.69
1062,2023-12-28,462,15,3,40,30,94.95,8.75
1063,2023-12-23,214,8,4,30,5,206.6,4.98
1064,2023-09-02,290,11,3,30,55,105.95,4.98
1065,2023-03-14,411,7,2,35,60,45.12,5.53
1066,2023-11-13,389,7,3,50,5,123.63,4.46
1067,2023-07-13,447,4,4,50,5,106.29,3.8
1068,2023-10-08,176,7,2,60,40,41.64,7.9
1069,2023-02-18,308,2,5,30,5,366.71,6.96
1070,2023-02-01,405,10,1,55,10,35.29,6.34
1071,2023-06-25,127,13,4,35,60,113.15,6.27
1072,2023-04-19,470,13,3,60,40,78.34,5.08
1073,2023-03-01,393,2,5,10,40,297.78,4.27
1074,2023-10-18,272,13,1,10,40,58.75,3.79
1075,2023-10-28,321,12,1,40,5,57.34,4.12
1076,2023-05-13,143,15,3,50,5,107.39,6.36
1077,2023-01-08,139,12,1,30,55,31.69,3.11
1078,2023-08-04,480,1,1,60,40,14.35,6.46
1079,2023-12-30,61,7,4,30,5,230.78,7.96
1080,2023-08-07,306,9,4,50,5,129.56,2.82
1081,2023-07-26,466,8,1,10,40,41.94,2.41
1082,2023-03-19,377,11,5,30,55,176.59,2.35
1083,2023-07-10,105,7,2,40,30,72.88,4.69
1084,2023-09-23,100,8,5,50,5,184.47,8.2
1085,2023-02-11,379,10,5,40,30,182.99,8.24
1086,2023-07-03,404,11,1,55,10,45.41,3.58
1087,2023-08-05,8,3,1,40,5,74.02,4.36
1088,2023-12-24,462,14,2,40,5,116.29,8.0
1089,2023-06-21,489,10,2,25,55,58.82,4.92
1090,2023-09-10,328,6,2,10,40,138.23,7.81
1091,2023-04-22,208,6,4,40,5,291.82,5.54
1092,2023-05-30,25,2,4,40,5,251.46,2.84
1093,2023-08-08,371,5,4,40,5,307.62,5.41
1094,2023-07-29,315,14,4,40,5,232.58,2.57
1095,2023-04-25,462,2,4,30,5,293.37,8.35
1096,2023-03-04,234,1,1,10,40,32.28,9.06
1097,2023-03-28,303,9,3,30,5,136.04,5.11
1098,2023-03-13,264,2,5,25,55,186.11,3.64
1099,2023-12-06,45,14,5,30,5,339.18,2.28
1100,2023-08-13,378,8,1,35,60,20.19,9.48
1101,2023-05-21,367,8,3,50,5,110.68,8.25
1102,2023-02-12,157,13,3,10,40,176.26,9.8
1103,2023-10-24,28,13,5,30,55,171.36,7.53
1104,2023-03-04,161,4,5,25,55,94.4,8.84
1105,2023-11-11,22,6,3,50,5,182.39,5.06
1106,2023-11-03,478,6,4,30,55,161.27,8.78
1107,2023-11-10,344,6,5,30,5,425.57,3.96
1108,2023-09-30,350,3,5,25,55,219.14,4.39
1109,2023-09-26,423,11,4,50,5,213.03,5.29
1110,2023-01-27,175,6,5,25,55,215.98,9.58
1111,2023-04-06,433,9,1,55,10,27.62,3.29
1112,2023-12-20,484,6,4,40,5,291.82,6.9
1113,2023-03-07,290,14,3,35,60,79.57,6.41
1114,2023-01-28,369,2,5,60,40,132.35,3.35
1115,2023-01-01,353,11,4,30,55,141.27,9.61
1116,2023-05-13,401,2,1,60,40,26.47,2.53
1117,2023-07-30,99,14,3,25,55,103.29,9.08
1118,2023-09-12,277,12,3,35,60,78.46,3.43
1119,2023-09-29,42,2,5,40,30,231.61,5.85
1120,2023-05-01,415,8,2,25,55,52.43,2.82
1121,2023-04-24,215,2,4,40,5,251.46,2.29
1122,2023-02-25,30,8,3,55,10,94.37,9.21
1123,2023-11-08,360,6,4,30,55,161.27,6.46
1124,2023-02-02,140,15,2,25,55,50.87,7.45
1125,2023-03-03,279,9,5,50,5,161.95,9.32
1126,2023-02-15,34,14,3,40,30,128.53,9.08
1127,2023-08-05,171,10,2,55,10,70.58,4.03
1128,2023-04-28,83,8,1,35,60,20.19,6.26
1129,2023-06-15,298,10,2,10,40,94.11,9.84
1130,2023-08-08,133,1,2,60,40,28.69,2.25
1131,2023-10-06,167,8,1,30,5,51.65,5.73
1132,2023-12-20,156,13,3,30,55,102.82,6.62
1133,2023-12-30,161,8,3,25,55,78.64,6.24
1134,2023-06-28,6,6,4,30,55,161.27,2.59
1135,2023-04-06,193,12,3,30,5,200.68,6.0
1136,2023-02-05,350,15,2,25,55,50.87,4.65
1137,2023-10-08,317,6,1,35,60,33.28,5.29
1138,2023-11-15,413,2,4,40,30,185.29,9.88
1139,2023-09-15,156,10,1,60,40,20.91,4.12
1140,2023-08-29,196,4,4,40,5,127.54,5.53
1141,2023-10-21,121,13,3,40,30,137.09,7.08
1142,2023-03-12,342,3,5,40,30,272.71,2.74
1143,2023-09-21,16,3,5,35,60,168.82,6.09
1144,2023-01-31,287,4,2,55,10,45.31,7.07
1145,2023-05-23,315,3,4,35,60,135.05,8.82
1146,2023-12-29,467,12,3,40,5,172.01,3.69
1147,2023-08-11,462,11,1,25,55,37.84,4.0
1148,2023-05-22,278,9,3,30,5,136.04,4.5
1149,2023-06-01,461,7,1,30,5,57.7,5.24
1150,2023-04-16,192,4,5,55,10,113.28,2.01
1151,2023-03-24,488,9,4,40,30,114.56,3.02
1152,2023-08-10,161,1,4,40,5,136.3,8.28
1153,2023-05-22,70,14,3,60,40,73.45,7.37
1154,2023-09-09,469,9,1,40,5,38.87,3.35
1155,2023-07-12,492,10,1,40,30,36.6,5.09
1156,2023-06-03,234,8,2,25,55,52.43,8.56
1157,2023-08-21,351,12,3,55,10,122.22,5.6
1158,2023-10-01,475,5,3,60,40,97.14,7.86
1159,2023-10-06,309,6,4,55,10,207.34,2.72
1160,2023-06-04,49,13,5,40,30,228.48,7.84
1161,2023-10-03,136,4,2,55,10,45.31,9.29
1162,2023-07-31,222,12,1,30,5,66.89,6.28
1163,2023-06-18,16,7,2,55,10,70.28,3.22
1164,2023-10-18,391,2,4,40,30,185.29,8.59
1165,2023-07-05,469,4,5,35,60,72.72,8.47
1166,2023-06-06,466,14,3,10,40,165.26,7.08
1167,2023-06-10,402,9,2,40,30,57.28,9.93
1168,2023-10-27,204,12,4,40,30,168.99,2.12
1169,2023-11-04,413,11,1,10,40,60.54,5.08
1170,2023-01-18,324,9,2,55,10,55.23,6.94
1171,2023-06-16,156,7,4,40,30,145.76,9.05
1172,2023-03-21,467,4,5,40,5,159.43,4.74
1173,2023-07-01,389,10,5,35,60,113.28,2.36
1174,2023-04-27,161,13,1,30,5,72.35,8.3
1175,2023-06-22,57,15,5,10,40,203.47,6.68
1176,2023-09-17,283,2,5,60,40,132.35,6.62
1177,2023-03-28,252,6,5,35,60,166.39,6.8
1178,2023-06-07,465,13,4,60,40,104.45,2.03
1179,2023-02-13,78,6,5,10,40,345.57,7.6
1180,2023-01-26,18,7,5,30,5,288.48,9.1
1181,2023-03-22,328,4,5,60,40,67.13,6.92
1182,2023-01-26,443,12,1,10,40,54.32,5.1
1183,2023-04-12,372,3,2,40,5,148.04,7.72
1184,2023-09-09,141,4,2,50,5,53.14,7.42
1185,2023-02-06,82,5,3,40,30,170.0,6.39
1186,2023-07-26,481,7,2,55,10,70.28,7.23
1187,2023-06-24,376,15,1,60,40,18.09,9.04
1188,2023-12-07,448,13,4,35,60,113.15,8.6
1189,2023-01-09,321,15,3,40,30,94.95,9.6
1190,2023-08-09,498,12,3,30,55,95.06,7.35
1191,2023-11-10,130,12,1,40,5,57.34,2.24
1192,2023-09-29,179,6,2,55,10,103.67,5.78
1193,2023-06-10,57,14,5,60,40,122.41,5.86
1194,2023-12-14,244,11,5,35,60,145.76,5.1
1195,2023-06-30,6,1,1,55,10,24.21,3.34
1196,2023-12-12,60,7,2,40,30,72.88,3.16
1197,2023-01-19,456,7,1,40,5,49.45,5.67
1198,2023-05-17,189,6,3,35,60,99.83,8.32
1199,2023-08-24,50,15,2,35,60,39.19,4.03
1200,2023-05-07,10,15,1,55,10,30.52,9.98
1201,2023-11-04,290,6,1,55,10,51.84,7.47
1202,2023-11-18,97,6,3,40,30,161.27,4.56
1203,2023-03-08,303,7,2,25,55,58.56,4.09
1204,2023-12-04,352,8,5,40,30,163.11,2.17
1205,2023-04-26,41,5,3,30,55,127.5,6.35
1206,2023-05-15,440,6,4,40,30,215.02,7.23
1207,2023-03-16,153,15,4,60,40,72.35,9.91
1208,2023-11-23,216,5,5,60,40,161.9,5.34
1209,2023-12-11,157,15,2,60,40,36.17,4.52
1210,2023-05-07,464,10,3,25,55,88.23,4.33
1211,2023-10-16,238,4,3,50,5,79.71,6.84
1212,2023-12-28,154,11,5,35,60,145.76,7.1
1213,2023-02-25,397,9,2,35,60,35.46,4.41
1214,2023-03-22,137,11,4,25,55,151.36,9.67
1215,2023-01-06,385,7,1,50,5,41.21,7.2
1216,2023-04-26,311,11,2,40,30,94.18,7.27
1217,2023-05-21,97,3,1,40,5,74.02,2.74
1218,2023-01-19,128,14,2,60,40,48.96,8.0
1219,2023-02-13,310,5,3,60,40,97.14,6.45
1220,2023-11-12,433,7,3,30,5,173.09,8.43
1221,2023-11-16,333,3,4,50,5,246.73,7.26
1222,2023-08-07,156,3,2,40,5,148.04,9.42
1223,2023-04-04,465,12,1,55,10,40.74,6.35
1224,2023-02-12,35,8,1,60,40,18.64,6.46
1225,2023-12-21,248,7,1,10,40,46.85,3.18
1226,2023-01-29,445,6,5,60,40,153.59,5.37
1227,2023-02-23,284,11,1,55,10,45.41,7.16
1228,2023-10-26,403,4,4,10,40,120.83,5.03
1229,2023-02-12,392,15,1,30,5,50.11,2.11
1230,2023-04-23,176,12,2,40,5,114.67,8.51
1231,2023-11-29,134,15,2,35,60,39.19,6.31
1232,2023-12-07,323,4,2,25,55,37.76,2.14
1233,2023-04-07,126,9,1,30,55,21.48,7.53
1234,2023-04-24,6,7,5,50,5,206.06,5.01
1235,2023-08-02,375,6,5,10,40,345.57,8.52
1236,2023-12-04,13,11,4,40,30,188.36,8.03
1237,2023-06-07,433,7,1,40,30,36.44,7.37
1238,2023-04-25,100,15,3,40,5,128.87,3.06
1239,2023-04-10,153,13,3,30,5,217.06,8.52
1240,2023-07-12,395,13,5,40,30,228.48,5.6
1241,2023-11-22,393,3,5,30,5,431.78,2.64
1242,2023-12-25,436,11,1,50,5,53.26,3.02
1243,2023-10-10,196,3,1,55,10,52.59,6.16
1244,2023-07-01,235,3,2,55,10,105.19,7.07
1245,2023-10-03,337,10,2,55,10,70.58,4.19
1246,2023-05-12,182,13,5,25,55,183.6,5.45
1247,2023-03-01,154,11,4,60,40,107.64,3.68
1248,2023-01-07,69,12,1,40,30,42.25,7.18
1249,2023-01-11,198,8,3,10,40,125.83,5.09
1250,2023-04-07,13,6,4,50,5,243.18,4.81
1251,2023-01-04,285,12,1,40,30,42.25,9.15
1252,2023-04-27,409,3,2,25,55,87.66,5.37
1253,2023-04-17,50,14,2,30,55,64.27,4.82
1254,2023-08-31,244,7,4,50,5,164.84,8.44
1255,2023-09-17,188,10,4,60,40,83.65,6.59
1256,2023-07-01,118,2,3,40,30,138.97,9.31
1257,2023-09-03,485,15,2,50,5,71.59,8.18
1258,2023-01-06,221,11,4,40,30,188.36,4.03
1259,2023-02-24,438,12,5,35,60,130.77,6.52
1260,2023-01-08,369,8,5,40,5,221.36,4.62
1261,2023-03-24,101,1,5,40,30,125.54,2.09
1262,2023-10-03,379,3,4,60,40,124.67,8.76
1263,2023-02-17,408,1,5,30,5,198.77,2.19
1264,2023-12-21,11,7,2,10,40,93.7,7.16
1265,2023-05-04,44,6,4,50,5,243.18,2.36
1266,2023-01-28,187,2,2,40,30,92.64,3.57
1267,2023-05-27,163,6,2,50,5,121.59,2.59
1268,2023-04-03,156,15,5,40,5,214.78,7.7
1269,2023-02-15,47,6,2,60,40,61.44,7.83
1270,2023-12-03,437,1,1,35,60,15.54,6.41
1271,2023-04-15,470,15,2,40,30,63.3,4.27
1272,2023-01-14,415,11,1,35,60,29.15,6.85
1273,2023-08-30,475,6,5,55,10,259.18,6.61
1274,2023-08-14,172,5,4,30,5,358.89,4.0
1275,2023-10-23,206,6,5,40,30,268.78,2.36
1276,2023-11-22,290,14,1,30,5,67.84,3.93
1277,2023-09-29,222,12,4,35,60,104.61,4.55
1278,2023-03-04,254,14,5,60,40,122.41,9.39
1279,2023-12-23,385,7,5,30,55,136.65,4.55
1280,2023-06-13,77,3,2,30,55,81.81,4.04
1281,2023-11-16,151,7,4,40,30,145.76,3.15
1282,2023-07-23,415,3,1,10,40,70.12,9.74
1283,2023-02-18,97,5,5,60,40,161.9,2.54
1284,2023-08-10,252,1,1,30,55,18.83,4.98
1285,2023-12-12,205,5,2,40,30,113.33,4.35
1286,2023-07-16,71,7,5,50,5,206.06,5.32
1287,2023-05-06,14,1,1,40,30,25.11,6.29
1288,2023-09-25,321,14,1,50,5,48.45,8.07
1289,2023-02-26,475,6,2,30,5,170.23,7.19
1290,2023-04-02,196,15,4,10,40,162.78,4.24
1291,2023-11-15,432,7,2,40,30,72.88,8.53
1292,2023-07-16,435,4,1,40,5,31.89,6.16
1293,2023-07-04,180,3,3,40,5,222.06,6.01
1294,2023-11-22,148,12,1,50,5,47.78,7.72
1295,2023-07-08,461,1,2,55,10,48.42,7.15
1296,2023-06-03,422,13,1,10,40,58.75,6.26
1297,2023-09-30,214,12,1,30,5,66.89,9.75
1298,2023-06-06,400,13,4,50,5,206.72,3.16
1299,2023-09-04,10,8,5,60,40,93.2,8.8
1300,2023-02-16,458,7,5,10,40,234.25,8.57
1301,2023-01-15,426,2,3,35,60,86.03,9.87
1302,2023-04-12,220,11,3,55,10,136.23,7.28
1303,2023-03-17,238,6,2,40,30,107.51,5.43
1304,2023-06-20,400,12,1,55,10,40.74,9.88
1305,2023-11-11,65,8,1,35,60,20.19,2.76
1306,2023-01-22,104,5,1,40,5,76.9,5.53
1307,2023-01-04,451,10,2,55,10,70.58,9.61
1308,2023-04-14,455,10,4,40,5,198.68,9.17
1309,2023-11-20,81,15,5,40,30,158.26,8.88
1310,2023-06-11,166,15,4,10,40,162.78,3.61
1311,2023-11-24,469,1,1,50,5,28.4,4.03
1312,2023-04-09,464,11,1,35,60,29.15,4.58
1313,2023-07-29,105,1,3,10,40,96.84,6.42
1314,2023-11-19,468,4,5,40,5,159.43,9.39
1315,2023-01-11,142,6,4,35,60,133.11,4.46
1316,2023-09-23,370,12,2,30,5,133.78,9.85
1317,2023-06-15,214,14,1,25,55,34.43,3.79
1318,2023-10-27,102,9,5,60,40,81.83,7.72
1319,2023-02-12,133,7,5,35,60,112.79,2.43
1320,2023-02-02,467,12,3,40,5,172.01,9.01
1321,2023-11-16,303,5,2,35,60,70.16,7.2
1322,2023-02-14,224,14,1,40,5,58.15,3.65
1323,2023-02-10,62,2,1,55,10,44.67,3.05
1324,2023-10-18,298,1,3,35,60,46.63,3.11
1325,2023-05-09,129,14,4,40,5,232.58,9.05
1326,2023-11-05,299,2,5,25,55,186.11,7.01
1327,2023-07-07,72,4,2,10,40,60.42,2.15
1328,2023-05-03,182,15,3,40,5,128.87,2.72
1329,2023-08-14,68,1,1,40,30,25.11,6.25
1330,2023-08-04,88,2,1,55,10,44.67,9.51
1331,2023-11-28,460,6,2,30,55,80.63,4.13
1332,2023-07-06,164,12,2,35,60,52.31,2.3
1333,2023-12-08,45,2,5,25,55,186.11,7.28
1334,2023-09-11,168,4,1,50,5,26.57,4.36
1335,2023-05-21,186,15,2,35,60,39.19,6.1
1336,2023-12-22,101,3,2,10,40,140.25,5.59
1337,2023-08-10,36,15,5,10,40,203.47,2.07
1338,2023-09-05,316,12,4,40,30,168.99,7.87
1339,2023-07-31,490,13,5,10,40,293.76,9.88
1340,2023-02-08,131,13,3,25,55,110.16,4.87
1341,2023-12-10,447,14,4,30,5,271.35,6.56
1342,2023-07-05,273,14,1,60,40,24.48,8.42
1343,2023-11-26,326,3,4,40,30,218.16,4.6
1344,2023-04-17,379,7,5,40,5,247.27,5.29
1345,2023-12-02,49,13,1,50,5,51.68,2.11
1346,2023-02-03,422,6,4,25,55,172.79,2.97
1347,2023-12-20,358,4,5,25,55,94.4,3.91
1348,2023-10-05,439,5,1,55,10,54.64,4.01
1349,2023-06-12,495,6,3,30,55,120.95,7.81
1350,2023-01-22,210,10,5,60,40,104.57,2.22
1351,2023-12-07,20,12,2,50,5,95.56,2.06
1352,2023-03-18,342,8,1,40,30,32.62,7.69
1353,2023-04-18,210,15,5,30,5,250.57,5.86
1354,2023-05-31,147,2,4,25,55,148.89,4.02
1355,2023-02-10,43,13,1,55,10,44.06,9.11
1356,2023-03-16,76,1,4,40,5,136.3,2.9
1357,2023-09-05,120,8,2,25,55,52.43,8.76
1358,2023-03-21,343,7,4,60,40,83.29,7.24
1359,2023-12-22,443,2,2,40,30,92.64,7.54
1360,2023-02-17,254,7,4,30,5,230.78,9.16
1361,2023-08-24,12,4,2,50,5,53.14,3.18
1362,2023-04-27,141,1,4,30,5,159.01,6.75
1363,2023-12-23,272,4,3,30,5,111.6,8.12
1364,2023-12-18,268,15,1,10,40,40.69,9.69
1365,2023-06-27,114,12,4,40,5,229.35,3.26
1366,2023-09-15,457,3,5,55,10,262.97,3.02
1367,2023-02-28,7,14,4,50,5,193.82,6.18
1368,2023-12-29,273,10,5,35,60,113.28,5.8
1369,2023-03-27,35,7,3,40,30,109.32,4.24
1370,2023-04-22,449,2,4,55,10,178.67,6.62
1371,2023-09-07,439,3,4,30,55,163.62,9.59
1372,2023-09-28,400,6,1,30,5,85.11,2.13
1373,2023-12-31,495,11,4,10,40,242.18,9.44
1374,2023-01-28,233,13,5,55,10,220.32,8.77
1375,2023-11-12,252,9,5,40,5,194.34,7.14
1376,2023-08-07,98,6,3,30,55,120.95,2.03
1377,2023-02-21,195,2,4,10,40,238.23,2.63
1378,2023-08-08,169,5,3,35,60,105.24,8.19
1379,2023-06-30,257,12,4,25,55,135.8,9.43
1380,2023-07-05,489,2,2,10,40,119.11,5.05
1381,2023-11-10,478,10,4,35,60,90.63,7.19
1382,2023-05-05,381,13,3,30,5,217.06,8.87
1383,2023-03-30,471,3,1,55,10,52.59,4.26
1384,2023-02-12,150,4,5,55,10,113.28,2.3
1385,2023-01-09,13,6,5,50,5,303.98,6.07
1386,2023-08-01,34,1,4,25,55,80.7,2.97
1387,2023-01-09,339,14,2,30,5,135.67,6.53
1388,2023-12-29,227,7,4,55,10,140.55,6.95
1389,2023-08-28,148,9,5,60,40,81.83,3.26
1390,2023-03-04,56,2,3,30,55,104.22,7.38
1391,2023-08-23,124,3,1,30,55,40.91,7.6
1392,2023-07-15,253,10,1,40,5,49.67,7.12
1393,2023-10-28,265,12,4,40,30,168.99,4.9
1394,2023-03-05,39,6,3,60,40,92.15,2.82
1395,2023-08-01,163,6,3,10,40,207.34,7.35
1396,2023-01-01,338,14,4,40,30,171.38,3.98
1397,2023-03-22,416,3,1,35,60,33.76,3.57
1398,2023-12-31,372,4,5,30,5,186.0,7.02
1399,2023-04-21,499,4,4,60,40,53.7,7.3
1400,2023-05-18,25,15,2,40,5,85.91,3.76
1401,2023-11-16,74,10,5,30,55,137.25,7.86
1402,2023-11-17,452,4,5,50,5,132.86,4.37
1403,2023-11-15,76,15,5,40,5,214.78,3.05
1404,2023-08-12,108,9,3,30,5,136.04,9.2
1405,2023-04-02,416,8,3,30,5,154.95,8.42
1406,2023-08-15,39,3,1,35,60,33.76,8.64
1407,2023-03-08,188,5,5,40,5,384.52,3.29
1408,2023-04-05,205,14,2,35,60,53.05,6.33
1409,2023-02-10,230,1,5,30,5,198.77,8.24
1410,2023-01-25,429,3,4,40,5,296.08,8.81
1411,2023-10-15,93,14,2,30,5,135.67,3.13
1412,2023-11-13,206,2,3,60,40,79.41,7.8
1413,2023-09-09,170,8,3,55,10,94.37,6.84
1414,2023-08-05,493,5,2,60,40,64.76,8.12
1415,2023-12-07,328,3,1,30,5,86.36,7.36
1416,2023-01-14,459,14,5,30,5,339.18,8.81
1417,2023-10-07,153,11,1,40,5,63.91,8.62
1418,2023-03-26,164,12,2,40,30,84.5,9.91
1419,2023-01-23,440,5,5,55,10,273.21,6.64
1420,2023-06-17,186,10,2,40,30,73.2,5.54
1421,2023-11-01,323,13,4,40,5,248.06,7.7
1422,2023-12-16,79,14,3,35,60,79.57,6.95
1423,2023-11-14,261,13,1,60,40,26.11,4.37
1424,2023-02-10,389,5,4,30,5,358.89,3.81
1425,2023-05-23,212,6,4,55,10,207.34,4.4
1426,2023-08-19,14,7,3,30,55,81.99,4.04
1427,2023-02-13,369,4,4,35,60,58.18,3.94
1428,2023-10-07,270,9,2,50,5,64.78,7.14
1429,2023-06-29,261,1,4,40,5,136.3,4.0
1430,2023-08-20,114,15,3,35,60,58.78,3.3
1431,2023-07-02,410,15,1,10,40,40.69,7.47
1432,2023-10-08,469,10,5,30,5,289.74,8.41
1433,2023-05-10,257,8,1,30,5,51.65,4.69
1434,2023-12-02,145,8,4,25,55,104.85,4.48
1435,2023-11-23,86,12,1,10,40,54.32,4.66
1436,2023-12-03,257,15,3,35,60,58.78,5.12
1437,2023-01-12,224,4,4,40,5,127.54,4.55
1438,2023-12-13,392,6,2,30,55,80.63,4.56
1439,2023-11-15,20,4,3,30,5,111.6,6.09
1440,2023-09-03,437,10,5,30,55,137.25,9.55
1441,2023-09-18,203,5,3,55,10,163.93,8.63
1442,2023-02-12,168,10,5,25,55,147.05,4.31
1443,2023-09-14,116,14,2,60,40,48.96,6.81
1444,2023-08-01,290,4,2,50,5,53.14,6.03
1445,2023-09-28,449,7,5,25,55,146.41,5.21
1446,2023-08-18,239,15,3,35,60,58.78,4.21
1447,2023-02-10,493,10,4,30,5,231.79,4.65
1448,2023-06-20,303,14,1,60,40,24.48,4.71
1449,2023-11-17,499,6,1,30,5,85.11,7.03
1450,2023-04-24,347,6,1,55,10,51.84,5.12
1451,2023-04-09,156,13,3,55,10,132.19,3.94
1452,2023-11-05,47,6,1,40,5,72.95,4.3
1453,2023-08-21,394,13,4,60,40,104.45,8.02
1454,2023-09-29,360,14,2,10,40,110.17,8.17
1455,2023-08-07,451,10,2,10,40,94.11,6.6
1456,2023-02-06,181,15,1,60,40,18.09,3.86
1457,2023-03-17,26,4,4,10,40,120.83,5.23
1458,2023-07-28,277,10,5,60,40,104.57,8.76
1459,2023-03-17,291,14,5,10,40,275.43,2.86
1460,2023-10-20,244,14,5,60,40,122.41,6.89
1461,2023-03-05,50,3,3,30,55,122.72,9.61
1462,2023-05-30,341,2,1,25,55,37.22,9.73
1463,2023-09-25,481,7,5,35,60,112.79,4.87
1464,2023-01-13,109,15,5,60,40,90.43,5.46
1465,2023-06-18,112,15,5,40,5,214.78,2.7
1466,2023-04-01,227,12,4,60,40,96.57,2.43
1467,2023-03-20,213,5,3,50,5,192.26,2.84
1468,2023-06-10,497,9,5,25,55,115.07,9.94
1469,2023-03-28,358,8,1,60,40,18.64,6.21
1470,2023-07-30,353,5,2,10,40,145.71,8.52
1471,2023-06-13,185,11,4,35,60,116.6,7.77
1472,2023-01-03,500,7,2,25,55,58.56,7.18
1473,2023-09-07,455,7,4,60,40,83.29,2.97
1474,2023-11-01,324,11,2,30,55,70.64,2.69
1475,2023-08-05,172,15,2,40,30,63.3,2.15
1476,2023-10-03,253,2,3,35,60,86.03,8.63
1477,2023-11-22,125,3,4,55,10,210.37,3.51
1478,2023-11-11,245,7,4,30,5,230.78,7.47
1479,2023-08-26,100,3,4,50,5,246.73,9.26
1480,2023-05-20,101,2,2,35,60,57.35,2.97
1481,2023-08-18,318,2,1,10,40,59.56,3.16
1482,2023-07-07,272,15,1,25,55,25.43,8.42
1483,2023-05-29,160,15,3,40,30,94.95,4.52
1484,2023-08-14,37,13,1,55,10,44.06,7.5
1485,2023-12-17,367,3,3,60,40,93.5,4.73
1486,2023-04-16,444,5,5,55,10,273.21,7.17
1487,2023-06-20,29,6,3,40,30,161.27,7.85
1488,2023-07-29,313,14,3,30,55,96.4,7.43
1489,2023-01-31,72,10,2,10,40,94.11,6.53
1490,2023-03-24,269,8,3,35,60,60.58,5.81
1491,2023-09-01,329,14,3,30,55,96.4,8.78
1492,2023-12-15,59,11,2,40,30,94.18,5.99
1493,2023-12-31,166,5,3,30,55,127.5,2.55
1494,2023-12-05,83,14,3,35,60,79.57,8.69
1495,2023-05-05,99,8,2,35,60,40.39,7.84
1496,2023-12-28,137,14,4,50,5,193.82,2.07
1497,2023-08-02,200,5,1,60,40,32.38,4.69
1498,2023-02-11,258,8,3,55,10,94.37,7.83
1499,2023-04-03,366,7,3,35,60,67.67,8.66
1500,2023-08-30,88,8,4,30,55,97.86,7.56
